epoch,train_loss,train_focal,train_loc,val_cpm,val_sens@1,val_max_sens,lr,seconds
1,0.6756998695241146,0.1790274864862123,0.4966723840564993,0.5907990314769975,0.6271186440677966,0.9322033898305084,0.001,110.85573673248291
2,0.44177272204019646,0.06867655574920337,0.37309616555894104,0.6876513317191283,0.711864406779661,0.9322033898305084,0.0009938441702975688,99.85746598243713
3,0.411295398512386,0.05364223052591424,0.3576531677637182,0.7542372881355933,0.8050847457627118,0.9745762711864406,0.0009755282581475768,102.29270792007446
4,0.39410027995371166,0.047741004547073786,0.3463592751414599,0.7360774818401937,0.7457627118644068,0.9745762711864406,0.0009455032620941839,103.90166807174683
5,0.3744187543682195,0.04259602341529454,0.3318227304088405,0.7300242130750606,0.7966101694915254,0.9661016949152542,0.0009045084971874737,101.2375237941742
6,0.34703777338468195,0.03888835420991516,0.3081494188054376,0.6682808716707022,0.6949152542372882,0.9491525423728814,0.0008535533905932737,103.44019412994385
7,0.3204461788463936,0.03564925198121955,0.2847969270125754,0.7602905569007264,0.7966101694915254,0.9745762711864406,0.0007938926261462366,98.60823202133179
8,0.30462196767412747,0.03507277795146396,0.26954918975115283,0.7106537530266344,0.8050847457627118,0.9745762711864406,0.0007269952498697733,99.22810292243958
9,0.2887868040534194,0.031004771529744624,0.25778203307508796,0.7966101694915254,0.8220338983050848,0.9830508474576272,0.0006545084971874737,115.69642806053162
10,0.2792278745789447,0.028888424789498438,0.2503394497947106,0.7602905569007264,0.7966101694915254,0.9830508474576272,0.0005782172325201155,110.21564316749573
11,0.27104341397658055,0.026541559117564652,0.24450185495207072,0.7542372881355932,0.8220338983050848,0.9745762711864406,0.0005,106.94104290008545
12,0.26081752034725325,0.02269960407510371,0.23811791611365182,0.7590799031476997,0.8305084745762712,0.9661016949152542,0.0004217827674798847,106.81219410896301
13,0.25326925258485855,0.02080581007294623,0.2324634425657943,0.7203389830508475,0.8389830508474576,0.9661016949152542,0.00034549150281252633,104.34859895706177
14,0.2475659458954006,0.02201427092900085,0.22555167489548608,0.7082324455205812,0.8305084745762712,0.9661016949152542,0.00027300475013022663,109.27811408042908
15,0.24167817353409524,0.01932201222654656,0.22235616208047673,0.7203389830508475,0.8389830508474576,0.9661016949152542,0.00020610737385376348,104.39212417602539
16,0.2353313122901536,0.01708515580339952,0.21824615601028025,0.7542372881355932,0.8135593220338984,0.9830508474576272,0.00014644660940672625,107.27746319770813
17,0.23013242803540843,0.015529366084997692,0.21460306208511573,0.7711864406779662,0.8389830508474576,0.9830508474576272,9.549150281252631e-05,107.90556812286377
18,0.22547396652567714,0.014817227930012222,0.21065673915574873,0.7360774818401936,0.8389830508474576,0.9745762711864406,5.4496737905816096e-05,104.60395121574402
19,0.22511680828679398,0.014803588187621881,0.21031321992617164,0.7469733656174334,0.8305084745762712,0.9745762711864406,2.447174185242323e-05,98.94868683815002
20,0.2212280471492058,0.012632560275544599,0.20859548747209208,0.7276029055690072,0.8305084745762712,0.9745762711864406,6.15582970243117e-06,100.33024001121521
