model,experiment,seed,best_epoch,val_cpm,test_cpm,val_sens@1,test_sens@1,params,MFLOPs,cpu_ms_b256,mps_ms_b256
CNN (5 slices),EXP-002-slices5-s42,42,16,0.7881355932203389,0.854421768707483,0.8050847457627118,0.9238095238095239,302804,109.72416,169.8166961669922,26.13338851928711
CNN (5 slices),EXP-002-slices5-s43,43,13,0.8208232445520581,0.8789115646258504,0.864406779661017,0.9047619047619048,302804,109.72416,176.9315643310547,24.495092391967773
CNN (5 slices),EXP-002-slices5-s44,44,15,0.7869249394673122,0.8748299319727891,0.8135593220338984,0.9047619047619048,302804,109.72416,175.09056091308594,24.70505714416504
CNN + Transformer,EXP-003-cnn-transformer-s42,42,11,0.7772397094430993,0.8476190476190476,0.8050847457627118,0.8952380952380953,570068,118.374912,195.97647094726562,32.5868034362793
CNN + Transformer,EXP-003-cnn-transformer-s43,43,13,0.7675544794188862,0.8122448979591838,0.8135593220338984,0.8666666666666667,570068,118.374912,195.71621704101562,31.17636489868164
CNN + Transformer,EXP-003-cnn-transformer-s44,44,18,0.7760290556900725,0.8653061224489796,0.8305084745762712,0.9333333333333333,570068,118.374912,198.68199157714844,30.84908103942871
CNN + extra conv (control),EXP-003c-cnn-extraconv-s42,42,8,0.7869249394673122,0.8258503401360544,0.8305084745762712,0.8666666666666667,598228,119.161344,205.50546264648438,26.534908294677734
CNN + extra conv (control),EXP-003c-cnn-extraconv-s43,43,16,0.7929782082324455,0.835374149659864,0.847457627118644,0.8952380952380953,598228,119.161344,183.33944702148438,26.159387588500977
CNN + extra conv (control),EXP-003c-cnn-extraconv-s44,44,12,0.7929782082324455,0.854421768707483,0.8305084745762712,0.8857142857142857,598228,119.161344,182.5276336669922,28.442367553710938
