model,type,selected_level,target,val_cpm_ref,val_cpm,test_cpm_ref,test_cpm,params_nonzero_ref,params_nonzero,param_reduction,flops_effective_ref,flops_effective,lat_cpu_b1_ref,lat_cpu_b1,lat_mps_b256_ref,lat_mps_b256,val_delta_cpm,val_delta_ci_low,val_delta_ci_high,test_delta_cpm,test_delta_ci_low,test_delta_ci_high
cbam,structured,1.0,0.2,0.7941888619854721,0.7808716707021792,0.8544217687074831,0.8231292517006803,314359.0,230712.0,0.2661365226795598,110833920.0,76193654.0,2.091418743133545,1.9511784315109253,46.21162033081055,40.89537811279297,-0.012470737793447992,-0.05103166266506597,0.02431796278449118,-0.029156494851052338,-0.06146522295711555,0.0013230603767985486
cbam,unstructured,1.0,0.3,0.7941888619854721,0.784503631961259,0.8544217687074831,0.8244897959183674,314359.0,220521.0,0.2985527069151982,110833920.0,81952755.55332947,2.156923770904541,2.1837728023529053,46.52427673339844,46.24005889892578,-0.011045377299516908,-0.0486374145948613,0.024020227560050515,-0.034580049026810486,-0.06436800526662298,-0.005378164812126965
cnn,structured,,,,,,,,,,,,,,,,,,,,,
cnn,unstructured,3.0,0.7,0.7881355932203389,0.7723970944309927,0.854421768707483,0.8462585034013606,302762.0,91701.0,0.6971605394908917,109724160.0,41812586.1953125,1.555035948753357,1.5672727823257446,24.413013458251953,24.66642951965332,-0.017427343554202827,-0.04289115646258499,0.00590693974746364,-0.017749047655726966,-0.04994337979094069,0.018023494619239223
convctrl,structured,,,,,,,,,,,,,,,,,,,,,
convctrl,unstructured,1.0,0.3,0.7869249394673122,0.7736077481840195,0.8258503401360544,0.8231292517006803,598192.0,419262.0,0.29916018641721887,119161344.0,90719819.1796875,1.795286774635315,1.8834222555160522,25.859182357788086,25.461219787597656,-0.025703573158539144,-0.05674191316381246,0.0023055756560154727,0.00027321312709416214,-0.03148372343287597,0.03540349158279134
se,structured,,,,,,,,,,,,,,,,,,,,,
se,unstructured,,,,,,,,,,,,,,,,,,,,,
transformer,structured,,,,,,,,,,,,,,,,,,,,,
transformer,unstructured,2.0,0.5,0.7772397094430993,0.7663438256658596,0.8476190476190476,0.8476190476190476,570068.0,288236.0,0.4943831262235382,118374912.0,62179529.6875,2.0081374645233154,2.0294408798217773,30.784374237060547,30.738574981689453,-0.013827501007444173,-0.058611751152073746,0.01869327453439603,-0.0037884715885534797,-0.04723534041715881,0.03240609743369728
