type,level,target,val_cpm,control_val_cpm,test_cpm,control_test_cpm,nonzero_reduction,val_delta_vs_control,val_delta_ci_low,val_delta_ci_high,test_delta_vs_control,test_delta_ci_low,test_delta_ci_high
unstructured,1,0.3,0.7723970944309927,0.7832929782082323,0.8435374149659864,0.8326530612244898,0.2988665935720797,-0.007124050979102119,-0.023809523809523725,0.009209486166007965,0.007047782220680004,-0.007700892857142771,0.022260066422632133
unstructured,2,0.5,0.7578692493946732,0.7760290556900726,0.8285714285714285,0.8217687074829932,0.4980185202309084,-0.029778716329065313,-0.05920820932539686,-0.0024662911759684766,0.0033140005776880984,-0.020997212859735638,0.024165220293725028
unstructured,3,0.7,0.7723970944309927,0.7808716707021792,0.8462585034013606,0.8421768707482994,0.6971605394908917,-0.007685612189274494,-0.030396825396825363,0.015306122448979553,0.00179584390940475,-0.02948782961460444,0.034083550713518464
unstructured,4,0.85,0.7590799031476998,0.7554479418886199,0.8448979591836735,0.8312925170068027,0.8465046696873225,0.011765933303605933,-0.0239263462394304,0.04973070309204756,0.009657288428233496,-0.02599342621664048,0.045933035714285676
unstructured,5,0.95,0.7409200968523003,0.7530266343825666,0.7904761904761904,0.8244897959183674,0.9460410034213551,-0.013799158427300597,-0.06412640863860392,0.034404761904761834,-0.03345152010671918,-0.09288715486194465,0.022212122606774694
structured,1,0.2,0.7457627118644068,0.7832929782082323,0.8517006802721089,0.8326530612244898,0.27282664693993475,-0.028031972323550314,-0.05900178253119433,0.0,0.006700283976895618,-0.02009878419452882,0.036555829228242874
structured,2,0.4,0.7227602905569007,0.7760290556900726,0.8285714285714285,0.8217687074829932,0.5046531749910834,-0.05880587862454741,-0.09918390433096308,-0.02181791569086656,0.0038944501653152067,-0.030884477577438847,0.03838218979348001
structured,3,0.55,0.7058111380145279,0.7808716707021792,0.761904761904762,0.8421768707482994,0.6511769989828404,-0.07414341923045555,-0.1255562114653023,-0.023177693208430987,-0.08247381858879764,-0.13013973613278482,-0.03222380298273179
structured,4,0.7,0.6138014527845037,0.7554479418886199,0.6408163265306123,0.8312925170068027,0.7821197870569742,-0.13836500668519758,-0.20143048055419197,-0.07128131868131882,-0.19891276975809274,-0.26752295289216804,-0.13058945908460481
structured,5,0.8,0.572639225181598,0.7530266343825666,0.619047619047619,0.8244897959183674,0.851537628300815,-0.18179368789594455,-0.24974790623796694,-0.11522390520150513,-0.20199569905771092,-0.27759621305418725,-0.11635620537319562
