model,type,level,target,val_cpm,test_cpm,val_sens@1,test_sens@1,pre_ft_val_cpm,best_epoch_in_level,params_total,params_nonzero,nonzero_reduction,flops_dense,flops_effective,activations_mb,lat_cpu_b1,lat_cpu_b256,lat_mps_b256
cbam,structured,0,0.0,0.7941888619854721,0.8544217687074831,0.847457627118644,0.9238095238095239,,,314380,314359,0.0,110833920.0,110833920.0,,2.091418743133545,196.9383544921875,46.21162033081055
cbam,structured,1,0.2,0.7808716707021792,0.8231292517006803,0.847457627118644,0.8857142857142857,0.148910411622276,3.0,230733,230712,0.2661365226795598,76193696.0,76193654.0,2.534208,1.9511784315109253,158.21881103515625,40.89537811279297
cbam,structured,2,0.4,0.6961259079903147,0.763265306122449,0.7288135593220338,0.8476190476190476,0.20217917675544797,4.0,159783,159762,0.4918188179909664,47040592.0,47040550.0,1.945144,1.6645431518554688,119.86991119384766,33.16564178466797
cbam,structured,3,0.55,0.6937046004842615,0.7863945578231293,0.711864406779661,0.8476190476190476,0.18038740920096852,3.0,115054,115033,0.634095680386793,28966648.0,28966606.0,1.437584,1.484558343887329,93.14004516601562,25.453832626342773
cbam,structured,4,0.7,0.6464891041162228,0.6571428571428571,0.6779661016949152,0.7047619047619048,0.1840193704600484,3.0,75083,75062,0.761237992238692,16542272.0,16542230.0,1.050848,1.237430453300476,68.78797149658203,20.391942977905273
cbam,structured,5,0.8,0.6210653753026634,0.6394557823129251,0.635593220338983,0.6666666666666666,0.10774818401937047,3.0,53964,53943,0.8284146574209555,10238176.0,10238134.0,0.798344,1.1046124696731567,55.6296272277832,16.21120262145996
cbam,unstructured,0,0.0,0.7941888619854721,0.8544217687074831,0.847457627118644,0.9238095238095239,,,314380,314359,0.0,110833920.0,110833920.0,,2.156923770904541,197.6288299560547,46.52427673339844
cbam,unstructured,1,0.3,0.784503631961259,0.8244897959183674,0.8389830508474576,0.8952380952380953,0.7893462469733655,3.0,314380,220521,0.2985527069151982,110833920.0,81952755.55332947,3.098448,2.1837728023529053,196.53826904296875,46.24005889892578
cbam,unstructured,2,0.5,0.7639225181598063,0.8517006802721089,0.8305084745762712,0.9333333333333333,0.7554479418886199,1.0,314380,157963,0.49754119218779824,110833920.0,61728371.3684845,3.098448,2.139239549636841,198.37396240234375,46.227195739746094
cbam,unstructured,3,0.7,0.7130750605326875,0.7836734693877551,0.8135593220338984,0.8857142857142857,0.5145278450363197,3.0,314380,95405,0.6965296774603982,110833920.0,40483754.02721405,3.098448,2.1300125122070312,195.7596435546875,46.219478607177734
cbam,unstructured,4,0.85,0.7251815980629539,0.819047619047619,0.7711864406779662,0.8857142857142857,0.33171912832929784,3.0,314380,48486,0.8457726318468096,110833920.0,22769696.255111694,3.098448,2.2839791774749756,195.00779724121094,46.86864471435547
cbam,unstructured,5,0.95,0.6876513317191283,0.7510204081632654,0.7288135593220338,0.7428571428571429,0.002421307506053269,4.0,314380,17208,0.9452636936191869,110833920.0,8840558.159828186,3.098448,2.2040696144104004,197.01904296875,46.47624206542969
cnn,finetune_only,0,0.0,0.7881355932203389,0.854421768707483,0.8050847457627118,0.9238095238095239,,,302804,302762,0.0,109724160.0,109724160.0,,1.5896790027618408,166.25686645507812,24.434749603271484
cnn,finetune_only,1,0.0,0.7832929782082323,0.8326530612244898,0.8135593220338984,0.9047619047619048,0.7881355932203389,2.0,302804,302762,0.00013870358383638592,109724160.0,109724076.0,3.073808,1.563629150390625,164.30345153808594,24.581241607666016
cnn,finetune_only,2,0.0,0.7760290556900726,0.8217687074829932,0.7966101694915254,0.8952380952380953,0.7832929782082323,1.0,302804,302762,0.00013870358383638592,109724160.0,109724076.0,3.073808,1.6254826784133911,164.0506591796875,24.467126846313477
cnn,finetune_only,3,0.0,0.7808716707021792,0.8421768707482994,0.8050847457627118,0.8761904761904762,0.7760290556900726,3.0,302804,302762,0.00013870358383638592,109724160.0,109724076.0,3.073808,1.6983165740966797,164.89356994628906,24.428741455078125
cnn,finetune_only,4,0.0,0.7554479418886199,0.8312925170068027,0.788135593220339,0.8952380952380953,0.7808716707021792,3.0,302804,302762,0.00013870358383638592,109724160.0,109724076.0,3.073808,1.6226474046707153,165.51805114746094,24.37851905822754
cnn,finetune_only,5,0.0,0.7530266343825666,0.8244897959183674,0.788135593220339,0.8857142857142857,0.7554479418886199,1.0,302804,302762,0.00013870358383638592,109724160.0,109724076.0,3.073808,1.6071256399154663,164.5240936279297,24.3781681060791
cnn,structured,0,0.0,0.7881355932203389,0.854421768707483,0.8050847457627118,0.9238095238095239,,,302804,302762,0.0,109724160.0,109724160.0,,1.5720882415771484,169.5312957763672,24.432064056396484
cnn,structured,1,0.2,0.7457627118644068,0.8517006802721089,0.7627118644067796,0.9142857142857143,0.4346246973365617,3.0,220233,220191,0.27282664693993475,75088128.0,75088044.0,2.50984,1.4291561841964722,126.9347152709961,22.117290496826172
cnn,structured,2,0.4,0.7227602905569007,0.8285714285714285,0.7372881355932204,0.8380952380952381,0.04116222760290557,4.0,150035,149993,0.5046531749910834,45937920.0,45937836.0,1.92104,1.2902443408966064,95.3354721069336,17.633922576904297
cnn,structured,3,0.55,0.7058111380145279,0.761904761904762,0.7372881355932204,0.7904761904761904,0.0,3.0,105667,105625,0.6511769989828404,27865344.0,27865260.0,1.413648,1.003846526145935,71.72539520263672,12.958246231079102
cnn,structured,4,0.7,0.6138014527845037,0.6408163265306123,0.6186440677966102,0.6571428571428571,0.002421307506053269,3.0,66017,65975,0.7821197870569742,15442176.0,15442092.0,1.027088,0.8900978565216064,50.29275131225586,10.078100204467773
cnn,structured,5,0.8,0.572639225181598,0.619047619047619,0.559322033898305,0.6571428571428571,0.018159806295399514,4.0,44997,44955,0.851537628300815,9138432.0,9138348.0,0.774672,0.7336423993110657,39.285736083984375,7.215966701507568
cnn,unstructured,0,0.0,0.7881355932203389,0.854421768707483,0.8050847457627118,0.9238095238095239,,,302804,302762,0.0,109724160.0,109724160.0,,1.555035948753357,164.62538146972656,24.413013458251953
cnn,unstructured,1,0.3,0.7723970944309927,0.8435374149659864,0.7966101694915254,0.9142857142857143,0.784503631961259,2.0,302804,212306,0.2988665935720797,109724160.0,81808211.65625,3.073808,1.6673842668533325,169.92140197753906,24.423080444335938
cnn,unstructured,2,0.5,0.7578692493946732,0.8285714285714285,0.788135593220339,0.8761904761904762,0.771186440677966,4.0,302804,152002,0.4980185202309084,109724160.0,62529364.2890625,3.073808,1.5163499116897583,165.2071075439453,24.714401245117188
cnn,unstructured,3,0.7,0.7723970944309927,0.8462585034013606,0.8305084745762712,0.8857142857142857,0.5230024213075061,2.0,302804,91701,0.6971605394908917,109724160.0,41812586.1953125,3.073808,1.5672727823257446,164.6702117919922,24.66642951965332
cnn,unstructured,4,0.85,0.7590799031476998,0.8448979591836735,0.7966101694915254,0.8857142857142857,0.162227602905569,3.0,302804,46479,0.8465046696873225,109724160.0,24227666.3125,3.073808,1.5744500160217285,164.61749267578125,24.477445602416992
cnn,unstructured,5,0.95,0.7409200968523003,0.7904761904761904,0.7796610169491526,0.8,0.027845036319612586,4.0,302804,16339,0.9460410034213551,109724160.0,10197418.08203125,3.073808,1.5592554807662964,165.00205993652344,24.48373794555664
convctrl,structured,0,0.0,0.7869249394673122,0.8258503401360544,0.8305084745762712,0.8666666666666667,,,598228,598192,0.0,119161344.0,119161344.0,,1.7584658861160278,172.8282470703125,25.43704605102539
convctrl,structured,1,0.2,0.7518159806295399,0.7972789115646259,0.7966101694915254,0.8380952380952381,0.4963680387409201,3.0,515657,515621,0.13808614775637384,84525312.0,84525240.0,2.558992,1.5927873849868774,135.6923828125,23.16873550415039
convctrl,structured,2,0.4,0.7191283292978208,0.7727891156462585,0.7796610169491526,0.819047619047619,0.2542372881355932,3.0,445459,445423,0.25542936806702465,55375104.0,55375032.0,1.970192,1.4520695209503174,104.06060028076172,18.991186141967773
convctrl,structured,3,0.55,0.7021791767554479,0.7374149659863946,0.7203389830508474,0.7523809523809524,0.021791767554479417,3.0,401091,401055,0.32959507077569083,37302528.0,37302456.0,1.4628,1.2625144720077515,78.96537017822266,13.86442756652832
convctrl,structured,4,0.7,0.6234866828087168,0.6476190476190476,0.6186440677966102,0.6476190476190476,0.04116222760290557,3.0,361441,361405,0.3958741483180326,24879360.0,24879288.0,1.07624,1.0618818998336792,58.58406448364258,11.155583381652832
convctrl,structured,5,0.8,0.5835351089588378,0.6217687074829933,0.576271186440678,0.6095238095238095,0.004842615012106538,4.0,340421,340385,0.4310112532345527,18575616.0,18575544.0,0.823824,0.9123832583427429,48.53952407836914,8.344103813171387
convctrl,unstructured,0,0.0,0.7869249394673122,0.8258503401360544,0.8305084745762712,0.8666666666666667,,,598228,598192,0.0,119161344.0,119161344.0,,1.795286774635315,172.8831024169922,25.859182357788086
convctrl,unstructured,1,0.3,0.7736077481840195,0.8231292517006803,0.788135593220339,0.8761904761904762,0.7966101694915253,3.0,598228,419262,0.29916018641721887,119161344.0,90719819.1796875,3.12296,1.8834222555160522,173.0866241455078,25.461219787597656
convctrl,unstructured,2,0.5,0.7336561743341405,0.8217687074829932,0.7796610169491526,0.8666666666666667,0.7397094430992738,4.0,598228,299976,0.49855907780979825,119161344.0,70781062.296875,3.12296,1.870658278465271,173.337890625,25.484420776367188
convctrl,unstructured,3,0.7,0.7167070217917676,0.7904761904761904,0.7796610169491526,0.8761904761904762,0.5096852300242131,4.0,598228,180690,0.6979579692023776,119161344.0,49241181.828125,3.12296,1.764243721961975,172.88697814941406,25.45510482788086
convctrl,unstructured,4,0.85,0.7566585956416464,0.8204081632653061,0.8305084745762712,0.8761904761904762,0.22154963680387407,3.0,598228,91228,0.84750295873814,119161344.0,30107820.46875,3.12296,1.7227637767791748,172.9136962890625,25.407669067382812
convctrl,unstructured,5,0.95,0.7300242130750606,0.802721088435374,0.8050847457627118,0.819047619047619,0.19491525423728812,3.0,598228,31594,0.9471873600032095,119161344.0,13863786.05078125,3.12296,1.7534469366073608,178.3156280517578,25.517837524414062
se,structured,0,0.0,0.7784503631961259,0.8693877551020408,0.8220338983050848,0.9142857142857143,,,313984,313961,0.0,109745920.0,109745920.0,,1.6901110410690308,173.3369598388672,31.42852210998535
se,structured,1,0.2,0.7554479418886199,0.8448979591836735,0.7711864406779662,0.8761904761904762,0.5714285714285714,3.0,230337,230314,0.2664785466775377,75107792.0,75107745.99999237,2.511144,1.5456923246383667,135.4468231201172,28.306406021118164
se,structured,2,0.4,0.7130750605326878,0.7986394557823129,0.7288135593220338,0.819047619047619,0.035108958837772396,3.0,159387,159364,0.49244547492865876,45956136.0,45956089.99999237,1.922212,1.3494110107421875,100.33759307861328,22.37482452392578
se,structured,3,0.55,0.6755447941888619,0.7183673469387756,0.6779661016949152,0.780952380952381,0.06295399515738499,3.0,114658,114635,0.6349017784345699,27882876.0,27882829.99999237,1.414736,1.1136666536331177,73.21208953857422,16.573131561279297
se,structured,4,0.7,0.5944309927360774,0.6231292517006803,0.5932203389830508,0.6190476190476191,0.012106537530266344,4.0,74687,74664,0.7622044435385242,15459104.0,15459057.99999237,1.028088,0.9629214406013489,52.99430465698242,13.02556324005127
se,structured,5,0.8,0.5217917675544795,0.5210884353741496,0.5169491525423728,0.5238095238095238,0.0036319612590799033,4.0,53568,53545,0.8294658326538932,9155184.0,9155137.99999237,0.775628,0.8077362179756165,41.93989181518555,9.834118843078613
se,unstructured,0,0.0,0.7784503631961259,0.8693877551020408,0.8220338983050848,0.9142857142857143,,,313984,313961,0.0,109745920.0,109745920.0,,1.744462490081787,172.578857421875,31.587692260742188
se,unstructured,1,0.3,0.7530266343825665,0.8639455782312925,0.7966101694915254,0.9142857142857143,0.7602905569007264,3.0,313984,220241,0.2985597992254383,109745920.0,81573198.02342987,3.075248,1.8476943969726562,173.2004852294922,31.519817352294922
se,unstructured,2,0.5,0.7239709443099274,0.8435374149659864,0.788135593220339,0.9047619047619048,0.7675544794188863,2.0,313984,157763,0.49754446086424786,109745920.0,62236032.5234375,3.075248,1.7726540565490723,172.13990783691406,31.49005699157715
se,unstructured,3,0.7,0.7239709443099274,0.8285714285714285,0.7966101694915254,0.9142857142857143,0.5242130750605327,3.0,313984,95284,0.69653230737872,109745920.0,41160376.14061737,3.075248,1.6652132272720337,172.05690002441406,31.419885635375977
se,unstructured,4,0.85,0.7409200968523003,0.8503401360544218,0.7796610169491526,0.8857142857142857,0.09443099273607748,1.0,313984,48424,0.8457755809213208,109745920.0,23191132.21874237,3.075248,1.6559325456619263,173.3889923095703,31.456501007080078
se,unstructured,5,0.95,0.648910411622276,0.708843537414966,0.6610169491525424,0.7047619047619048,0.0012106537530266344,4.0,313984,17190,0.9452519873624133,109745920.0,8828024.06639862,3.075248,1.6121866703033447,172.3655548095703,31.526981353759766
transformer,structured,0,0.0,0.7772397094430993,0.8476190476190476,0.8050847457627118,0.8952380952380953,,,570068,570068,0.0,118374912.0,118374912.0,,2.0288186073303223,184.02247619628906,31.033771514892578
transformer,structured,1,0.2,0.7493946731234867,0.835374149659864,0.788135593220339,0.8952380952380953,0.49394673123486693,3.0,487497,487497,0.1448441238589081,83738880.0,83738880.0,2.7556,1.8694249391555786,145.822265625,28.520885467529297
transformer,structured,2,0.4,0.7191283292978208,0.7727891156462585,0.788135593220339,0.8476190476190476,0.28692493946731235,4.0,417299,417299,0.26798381947416794,54588672.0,54588672.0,2.1668,1.6255820989608765,115.5343017578125,24.157413482666016
transformer,structured,3,0.55,0.6755447941888619,0.7537414965986395,0.711864406779661,0.780952380952381,0.19733656174334138,4.0,372931,372931,0.34581313106506595,36516096.0,36516096.0,1.659408,1.4308193922042847,85.2081527709961,19.250486373901367
transformer,structured,4,0.7,0.6162227602905569,0.6802721088435374,0.6610169491525424,0.6952380952380952,0.06658595641646489,3.0,333281,333281,0.4153662370103216,24092928.0,24092928.0,1.272848,1.3118714094161987,66.6579360961914,16.562957763671875
transformer,structured,5,0.8,0.5399515738498789,0.563265306122449,0.5338983050847458,0.5714285714285714,0.06295399515738499,4.0,312261,312261,0.452239031133128,17789184.0,17789184.0,1.020432,1.158861756324768,55.00795364379883,13.642341613769531
transformer,unstructured,0,0.0,0.7772397094430993,0.8476190476190476,0.8050847457627118,0.8952380952380953,,,570068,570068,0.0,118374912.0,118374912.0,,2.0081374645233154,187.08447265625,30.784374237060547
transformer,unstructured,1,0.3,0.7832929782082323,0.8517006802721089,0.8050847457627118,0.8952380952380953,0.7760290556900726,3.0,570068,400969,0.296629524898784,118374912.0,84456370.6171875,3.319568,2.067229747772217,181.9078826904297,30.729522705078125
transformer,unstructured,2,0.5,0.7663438256658596,0.8476190476190476,0.8305084745762712,0.8857142857142857,0.7130750605326878,2.0,570068,288236,0.4943831262235382,118374912.0,62179529.6875,3.319568,2.0294408798217773,186.83872985839844,30.738574981689453
transformer,unstructured,3,0.7,0.7469733656174334,0.8312925170068027,0.7966101694915254,0.8666666666666667,0.4067796610169491,3.0,570068,175503,0.6921367275482925,118374912.0,39321205.8046875,3.319568,2.017181158065796,180.91404724121094,30.956104278564453
transformer,unstructured,4,0.85,0.7566585956416464,0.8081632653061225,0.8220338983050848,0.8476190476190476,0.4624697336561744,3.0,570068,90954,0.8404506129093371,118374912.0,21745099.71875,3.319568,2.03379225730896,186.5093994140625,30.850244522094727
transformer,unstructured,5,0.95,0.6719128329297821,0.7319727891156463,0.6949152542372882,0.7333333333333333,0.006053268765133172,4.0,570068,34629,0.9392546152388838,118374912.0,9001303.9296875,3.319568,2.0728166103363037,181.9867706298828,30.748931884765625
