seriesuid,flipped,diameter,aligned,in_lung,mirrored,random_lung
1.3.6.1.4.1.14519.5.2.1.6279.6001.282512043257574309474415322775,True,18.50978255,0.7653601765632629,True,0.7323117852210999,0.08276297897100449
1.3.6.1.4.1.14519.5.2.1.6279.6001.801945620899034889998809817499,True,17.2320792,0.6698876619338989,True,0.09302081912755966,0.07114795595407486
1.3.6.1.4.1.14519.5.2.1.6279.6001.144883090372691745980459537053,True,16.18466141,0.5335596799850464,True,0.7973124980926514,0.1454087495803833
1.3.6.1.4.1.14519.5.2.1.6279.6001.144883090372691745980459537053,True,4.536882084,0.48525962233543396,True,0.11827632784843445,0.12755094468593597
1.3.6.1.4.1.14519.5.2.1.6279.6001.943403138251347598519939390311,True,27.44242293,0.633490800857544,True,0.6139408946037292,0.21055291593074799
1.3.6.1.4.1.14519.5.2.1.6279.6001.964952370561266624992539111877,True,8.620604671,0.7296087741851807,True,0.9387933611869812,0.1471962183713913
1.3.6.1.4.1.14519.5.2.1.6279.6001.964952370561266624992539111877,True,14.91474445,0.7238338589668274,True,0.731513500213623,0.09552555531263351
1.3.6.1.4.1.14519.5.2.1.6279.6001.964952370561266624992539111877,True,5.973405668,0.7337459921836853,True,0.744225025177002,0.06702452898025513
1.3.6.1.4.1.14519.5.2.1.6279.6001.964952370561266624992539111877,True,4.723904059,0.663581907749176,True,0.6482877731323242,0.1208583414554596
1.3.6.1.4.1.14519.5.2.1.6279.6001.123697637451437522065941162930,True,21.82795321,0.6959803104400635,True,0.21415072679519653,0.037748612463474274
1.3.6.1.4.1.14519.5.2.1.6279.6001.127965161564033605177803085629,True,8.842809348,0.7213271260261536,True,0.16703002154827118,0.13085921108722687
1.3.6.1.4.1.14519.5.2.1.6279.6001.148447286464082095534651426689,True,5.209168076,0.682831346988678,True,0.09446849673986435,0.1419108808040619
1.3.6.1.4.1.14519.5.2.1.6279.6001.148447286464082095534651426689,True,5.062185148,0.7613629102706909,True,0.21424995362758636,0.2707928419113159
1.3.6.1.4.1.14519.5.2.1.6279.6001.148447286464082095534651426689,True,8.679781517,0.7223274111747742,True,0.13366933166980743,0.1145007461309433
1.3.6.1.4.1.14519.5.2.1.6279.6001.148447286464082095534651426689,True,23.48374545,0.7041898965835571,True,0.12773901224136353,0.1452145129442215
1.3.6.1.4.1.14519.5.2.1.6279.6001.148447286464082095534651426689,True,4.181187701,0.5115414261817932,True,0.7197861075401306,0.12463326007127762
1.3.6.1.4.1.14519.5.2.1.6279.6001.148447286464082095534651426689,True,4.762202969,0.8082807064056396,True,0.09704111516475677,0.6993716359138489
1.3.6.1.4.1.14519.5.2.1.6279.6001.219349715895470349269596532320,True,10.37870953,0.5081783533096313,True,0.635884165763855,0.34249937534332275
1.3.6.1.4.1.14519.5.2.1.6279.6001.177252583002664900748714851615,True,8.811296392,0.624189019203186,True,0.06170741841197014,0.08437192440032959
1.3.6.1.4.1.14519.5.2.1.6279.6001.312127933722985204808706697221,True,9.48489034,0.6801713705062866,True,0.748294472694397,0.15526296198368073
1.3.6.1.4.1.14519.5.2.1.6279.6001.312127933722985204808706697221,True,4.666322736,0.5924771428108215,True,0.8963231444358826,0.3134346902370453
1.3.6.1.4.1.14519.5.2.1.6279.6001.312127933722985204808706697221,True,6.853377495,0.7150982022285461,True,0.7515881061553955,0.342758446931839
1.3.6.1.4.1.14519.5.2.1.6279.6001.312127933722985204808706697221,True,5.772283337,0.6934651732444763,True,0.6183415651321411,0.25961363315582275
1.3.6.1.4.1.14519.5.2.1.6279.6001.312127933722985204808706697221,True,4.835148932,0.6279465556144714,True,0.7775732278823853,0.11196646839380264
1.3.6.1.4.1.14519.5.2.1.6279.6001.336225579776978874775723463327,False,6.906358753,0.6652264595031738,True,,0.24708105623722076
1.3.6.1.4.1.14519.5.2.1.6279.6001.187451715205085403623595258748,False,13.05335657,0.25971686840057373,True,,0.07565583288669586
1.3.6.1.4.1.14519.5.2.1.6279.6001.187451715205085403623595258748,False,17.75323185,0.7702036499977112,True,,0.07226291298866272
1.3.6.1.4.1.14519.5.2.1.6279.6001.183184435049555024219115904825,False,4.506689862,0.5599594712257385,True,,0.17898516356945038
1.3.6.1.4.1.14519.5.2.1.6279.6001.183184435049555024219115904825,False,4.812692889,1.0,True,,0.11136159300804138
1.3.6.1.4.1.14519.5.2.1.6279.6001.105495028985881418176186711228,False,9.745258507,0.350210040807724,True,,0.2458481788635254
1.3.6.1.4.1.14519.5.2.1.6279.6001.142485715518010940961688015191,False,5.202649246,0.701141357421875,True,,0.0887346938252449
1.3.6.1.4.1.14519.5.2.1.6279.6001.142485715518010940961688015191,False,5.901320414,0.7039857506752014,True,,0.06955869495868683
1.3.6.1.4.1.14519.5.2.1.6279.6001.142485715518010940961688015191,False,3.888635523,0.5959197878837585,True,,0.0950259417295456
1.3.6.1.4.1.14519.5.2.1.6279.6001.276556509002726404418399209377,False,7.744221728,0.6732746362686157,True,,0.06456299871206284
1.3.6.1.4.1.14519.5.2.1.6279.6001.276556509002726404418399209377,False,6.690036478,0.593310534954071,True,,0.13020770251750946
1.3.6.1.4.1.14519.5.2.1.6279.6001.162845309248822193437735868939,False,9.562175963,1.0,True,,0.04539426416158676
1.3.6.1.4.1.14519.5.2.1.6279.6001.323408652979949774528873200770,False,22.46928325,0.7377136945724487,True,,0.11940833181142807
1.3.6.1.4.1.14519.5.2.1.6279.6001.323408652979949774528873200770,False,18.86783511,0.7662687301635742,True,,0.10617206990718842
1.3.6.1.4.1.14519.5.2.1.6279.6001.910607280658963002048724648683,False,4.866308788,0.8417962193489075,True,,0.14937680959701538
1.3.6.1.4.1.14519.5.2.1.6279.6001.292194861362266467652267941663,False,5.56275007,0.6810339093208313,True,,0.056812386959791183
1.3.6.1.4.1.14519.5.2.1.6279.6001.481278873893653517789960724156,False,27.07544345,0.7442331910133362,True,,0.28957995772361755
1.3.6.1.4.1.14519.5.2.1.6279.6001.481278873893653517789960724156,False,16.92306528,0.745245099067688,True,,0.16683366894721985
1.3.6.1.4.1.14519.5.2.1.6279.6001.747803439040091794717626507402,False,14.16781391,0.7351189255714417,True,,0.16176967322826385
1.3.6.1.4.1.14519.5.2.1.6279.6001.211956804948320236390242845468,False,8.793209067,0.8186278343200684,True,,0.24657778441905975
1.3.6.1.4.1.14519.5.2.1.6279.6001.211956804948320236390242845468,False,19.84919656,0.577555239200592,True,,0.06731890887022018
1.3.6.1.4.1.14519.5.2.1.6279.6001.211956804948320236390242845468,False,10.07288389,0.7212291359901428,True,,0.3428075611591339
1.3.6.1.4.1.14519.5.2.1.6279.6001.900182736599353600185270496549,False,4.349739416,0.6443197131156921,True,,0.04496936872601509
1.3.6.1.4.1.14519.5.2.1.6279.6001.900182736599353600185270496549,False,4.790997214,0.6249989867210388,True,,0.08040612936019897
1.3.6.1.4.1.14519.5.2.1.6279.6001.534006575256943390479252771547,False,12.80135622,0.37676873803138733,True,,0.10319012403488159
1.3.6.1.4.1.14519.5.2.1.6279.6001.534006575256943390479252771547,False,14.62904955,0.6563383340835571,True,,0.11697866767644882
1.3.6.1.4.1.14519.5.2.1.6279.6001.534006575256943390479252771547,False,7.283782817,0.7171720862388611,True,,0.11262325197458267
1.3.6.1.4.1.14519.5.2.1.6279.6001.228934821089041845791238006047,False,4.900924695,0.6211860179901123,True,,0.15201488137245178
1.3.6.1.4.1.14519.5.2.1.6279.6001.267519732763035023633235877753,False,6.856554178,1.0,True,,0.1352200210094452
1.3.6.1.4.1.14519.5.2.1.6279.6001.267519732763035023633235877753,False,4.746983627,0.9920918345451355,True,,0.1275257170200348
1.3.6.1.4.1.14519.5.2.1.6279.6001.267519732763035023633235877753,False,4.680676552,0.974203884601593,True,,0.12884192168712616
1.3.6.1.4.1.14519.5.2.1.6279.6001.466284753932369813717081722101,False,3.885893197,0.6601226925849915,True,,0.11413978040218353
1.3.6.1.4.1.14519.5.2.1.6279.6001.362762275895885013176610377950,False,4.889664292,0.41217872500419617,True,,0.07326565682888031
1.3.6.1.4.1.14519.5.2.1.6279.6001.301462380687644451483231621986,False,13.0575593,0.4253159761428833,True,,0.05739534646272659
1.3.6.1.4.1.14519.5.2.1.6279.6001.301462380687644451483231621986,False,12.76400579,0.7264910340309143,True,,0.07391757518053055
1.3.6.1.4.1.14519.5.2.1.6279.6001.301462380687644451483231621986,False,8.68806614,0.3165641129016876,True,,0.08943261951208115
1.3.6.1.4.1.14519.5.2.1.6279.6001.837810280808122125183730411210,False,9.930839143,0.5953335165977478,True,,0.08215580880641937
1.3.6.1.4.1.14519.5.2.1.6279.6001.176638348958425792989125209419,False,3.423341719,0.2852316200733185,True,,0.09719537198543549
1.3.6.1.4.1.14519.5.2.1.6279.6001.176638348958425792989125209419,False,4.216156288,0.2110017091035843,True,,0.14677849411964417
1.3.6.1.4.1.14519.5.2.1.6279.6001.219087313261026510628926082729,False,11.10051888,0.8243274092674255,True,,0.2121703028678894
1.3.6.1.4.1.14519.5.2.1.6279.6001.219087313261026510628926082729,False,4.813145858,0.6616436243057251,True,,0.042830854654312134
1.3.6.1.4.1.14519.5.2.1.6279.6001.171667800241622018839592854574,False,5.925757611,0.35225221514701843,True,,0.11450551450252533
1.3.6.1.4.1.14519.5.2.1.6279.6001.330544495001617450666819906758,False,16.82893945,0.48021823167800903,True,,0.1548997461795807
1.3.6.1.4.1.14519.5.2.1.6279.6001.314789075871001236641548593165,False,6.853098388,0.5638450384140015,True,,0.5285055041313171
1.3.6.1.4.1.14519.5.2.1.6279.6001.262736997975960398949912434623,False,4.570090698,0.42353561520576477,True,,0.09115413576364517
1.3.6.1.4.1.14519.5.2.1.6279.6001.262736997975960398949912434623,False,3.805906302,0.2418738305568695,True,,0.06496378034353256
1.3.6.1.4.1.14519.5.2.1.6279.6001.487745546557477250336016826588,False,22.78152704,0.7515015006065369,True,,0.15481050312519073
1.3.6.1.4.1.14519.5.2.1.6279.6001.243094273518213382155770295147,False,15.27003429,0.7451831698417664,True,,0.0038599849212914705
1.3.6.1.4.1.14519.5.2.1.6279.6001.243094273518213382155770295147,False,9.514315903,0.7689908742904663,True,,0.0034617488272488117
1.3.6.1.4.1.14519.5.2.1.6279.6001.243094273518213382155770295147,False,8.220380612,0.759804904460907,True,,0.000639875594060868
1.3.6.1.4.1.14519.5.2.1.6279.6001.243094273518213382155770295147,False,12.99686424,0.7634114027023315,True,,0.018185654655098915
1.3.6.1.4.1.14519.5.2.1.6279.6001.243094273518213382155770295147,False,12.13959395,0.6079696416854858,True,,0.006655627395957708
1.3.6.1.4.1.14519.5.2.1.6279.6001.265775376735520890308424143898,False,5.866867348,0.7939065098762512,True,,0.4706396162509918
1.3.6.1.4.1.14519.5.2.1.6279.6001.265775376735520890308424143898,False,4.441200069,0.7561606764793396,True,,0.1210726723074913
1.3.6.1.4.1.14519.5.2.1.6279.6001.265775376735520890308424143898,False,4.227905054,0.6465533971786499,True,,0.0880507379770279
